{
	"displayName": "GitHub",
	"description": "GitHub",
	"config.gitAuthentication": "Controls whether to enable automatic GitHub authentication for git commands within VS Code.",
	"welcome.publishFolder": "You can also directly publish this folder to a GitHub repository. Once published, you'll have access to source control features powered by git and GitHub.\n[$(github) Publish to GitHub](command:github.publish)",
	"welcome.publishWorkspaceFolder": "You can also directly publish a workspace folder to a GitHub repository. Once published, you'll have access to source control features powered by git and GitHub.\n[$(github) Publish to GitHub](command:github.publish)"
}
